filename,width,height,class,xmin,ymin,xmax,ymax
0.jpg,640,480,missingPerson,64,231,216,311
100.jpg,640,480,missingPerson,328,378,354,423
101.jpg,640,480,missingPerson,311,360,339,407
102.jpg,640,480,missingPerson,291,351,320,393
102.jpg,640,480,missingPerson,103,439,140,480
103.jpg,640,480,missingPerson,280,340,300,379
103.jpg,640,480,missingPerson,83,430,123,471
104.jpg,640,480,missingPerson,261,320,286,360
104.jpg,640,480,missingPerson,66,413,108,468
104.jpg,640,480,missingPerson,208,451,234,480
105.jpg,640,480,missingPerson,244,306,271,347
105.jpg,640,480,missingPerson,47,403,96,451
105.jpg,640,480,missingPerson,189,436,224,480
106.jpg,640,480,missingPerson,224,297,255,333
106.jpg,640,480,missingPerson,29,392,77,439
106.jpg,640,480,missingPerson,169,426,210,480
107.jpg,640,480,missingPerson,206,287,238,322
107.jpg,640,480,missingPerson,14,384,65,428
107.jpg,640,480,missingPerson,150,414,189,467
108.jpg,640,480,missingPerson,187,271,224,304
108.jpg,640,480,missingPerson,1,374,51,414
108.jpg,640,480,missingPerson,132,399,172,448
109.jpg,640,480,missingPerson,169,253,215,290
109.jpg,640,480,missingPerson,113,380,161,435
11.jpg,640,480,missingPerson,103,126,172,181
110.jpg,640,480,missingPerson,175,217,218,255
110.jpg,640,480,missingPerson,123,345,168,391
110.jpg,640,480,missingPerson,1,322,52,362
111.jpg,640,480,missingPerson,173,193,216,225
111.jpg,640,480,missingPerson,123,322,168,366
111.jpg,640,480,missingPerson,1,302,49,331
112.jpg,640,480,missingPerson,195,180,233,211
112.jpg,640,480,missingPerson,138,316,184,351
112.jpg,640,480,missingPerson,14,289,64,322
113.jpg,640,480,missingPerson,209,161,248,199
113.jpg,640,480,missingPerson,148,304,197,342
113.jpg,640,480,missingPerson,15,277,72,314
114.jpg,640,480,missingPerson,222,143,262,183
114.jpg,640,480,missingPerson,165,290,209,333
114.jpg,640,480,missingPerson,22,265,82,300
115.jpg,640,480,missingPerson,240,119,271,165
115.jpg,640,480,missingPerson,174,278,223,313
115.jpg,640,480,missingPerson,30,255,85,283
116.jpg,640,480,missingPerson,254,94,287,141
116.jpg,640,480,missingPerson,191,259,226,296
116.jpg,640,480,missingPerson,38,242,95,266
117.jpg,640,480,missingPerson,274,70,306,121
117.jpg,640,480,missingPerson,209,240,241,281
117.jpg,640,480,missingPerson,53,224,109,251
118.jpg,640,480,missingPerson,292,49,323,114
118.jpg,640,480,missingPerson,69,210,123,241
118.jpg,640,480,missingPerson,226,227,264,265
119.jpg,640,480,missingPerson,307,26,335,89
119.jpg,640,480,missingPerson,86,190,134,222
119.jpg,640,480,missingPerson,243,213,275,247
12.jpg,640,480,missingPerson,128,150,194,189
12.jpg,640,480,missingPerson,223,2,266,69
120.jpg,640,480,missingPerson,325,5,355,63
120.jpg,640,480,missingPerson,98,173,141,205
120.jpg,640,480,missingPerson,256,192,289,228
121.jpg,640,480,missingPerson,339,1,369,50
121.jpg,640,480,missingPerson,113,156,152,189
121.jpg,640,480,missingPerson,273,173,308,209
122.jpg,640,480,missingPerson,125,144,171,182
122.jpg,640,480,missingPerson,293,153,327,190
123.jpg,640,480,missingPerson,137,127,179,160
123.jpg,640,480,missingPerson,312,132,341,171
124.jpg,640,480,missingPerson,152,109,194,142
124.jpg,640,480,missingPerson,328,111,355,155
125.jpg,640,480,missingPerson,168,89,209,127
125.jpg,640,480,missingPerson,339,88,371,136
126.jpg,640,480,missingPerson,357,69,394,124
126.jpg,640,480,missingPerson,184,72,228,113
126.jpg,640,480,missingPerson,11,421,81,480
127.jpg,640,480,missingPerson,376,41,407,105
127.jpg,640,480,missingPerson,199,51,238,96
127.jpg,640,480,missingPerson,28,405,93,472
128.jpg,640,480,missingPerson,391,15,428,79
128.jpg,640,480,missingPerson,215,28,247,76
128.jpg,640,480,missingPerson,38,401,111,457
129.jpg,640,480,missingPerson,399,1,446,58
129.jpg,640,480,missingPerson,229,9,264,67
129.jpg,640,480,missingPerson,63,379,125,437
13.jpg,640,480,missingPerson,162,174,212,208
13.jpg,640,480,missingPerson,253,29,287,88
130.jpg,640,480,missingPerson,244,1,276,48
130.jpg,640,480,missingPerson,78,360,143,417
131.jpg,640,480,missingPerson,98,345,156,397
132.jpg,640,480,missingPerson,116,335,169,381
133.jpg,640,480,missingPerson,160,331,204,380
134.jpg,640,480,missingPerson,197,325,240,380
135.jpg,640,480,missingPerson,213,352,250,409
136.jpg,640,480,missingPerson,230,382,266,436
136.jpg,640,480,missingPerson,375,1,407,53
136.jpg,640,480,missingPerson,551,1,609,47
137.jpg,640,480,missingPerson,563,1,640,59
137.jpg,640,480,missingPerson,392,14,424,66
137.jpg,640,480,missingPerson,241,409,287,452
138.jpg,640,480,missingPerson,410,29,446,84
138.jpg,640,480,missingPerson,269,404,302,472
138.jpg,640,480,missingPerson,584,29,640,77
138.jpg,640,480,missingPerson,1,58,54,99
139.jpg,640,480,missingPerson,431,46,463,95
139.jpg,640,480,missingPerson,1,67,66,111
14.jpg,640,480,missingPerson,188,192,228,235
140.jpg,640,480,missingPerson,448,61,482,105
140.jpg,640,480,missingPerson,8,82,78,125
141.jpg,640,480,missingPerson,464,77,503,118
141.jpg,640,480,missingPerson,23,95,90,137
141.jpg,640,480,missingPerson,3,298,70,329
141.jpg,640,480,missingPerson,258,1,290,42
142.jpg,640,480,missingPerson,477,93,524,138
142.jpg,640,480,missingPerson,42,110,106,152
142.jpg,640,480,missingPerson,16,313,81,345
142.jpg,640,480,missingPerson,279,1,306,55
143.jpg,640,480,missingPerson,487,112,548,154
143.jpg,640,480,missingPerson,298,8,323,68
143.jpg,640,480,missingPerson,61,124,122,165
143.jpg,640,480,missingPerson,34,327,94,361
144.jpg,640,480,missingPerson,511,128,569,164
144.jpg,640,480,missingPerson,317,26,346,83
144.jpg,640,480,missingPerson,77,138,139,180
144.jpg,640,480,missingPerson,49,341,111,379
145.jpg,640,480,missingPerson,535,141,592,180
145.jpg,640,480,missingPerson,336,41,360,100
145.jpg,640,480,missingPerson,97,153,152,193
145.jpg,640,480,missingPerson,67,356,123,395
146.jpg,640,480,missingPerson,551,161,611,198
146.jpg,640,480,missingPerson,355,58,380,113
146.jpg,640,480,missingPerson,114,169,167,210
146.jpg,640,480,missingPerson,84,370,136,415
147.jpg,640,480,missingPerson,565,176,632,219
147.jpg,640,480,missingPerson,372,75,402,129
147.jpg,640,480,missingPerson,132,182,185,225
147.jpg,640,480,missingPerson,102,384,153,432
148.jpg,640,480,missingPerson,584,193,640,225
148.jpg,640,480,missingPerson,390,93,421,141
148.jpg,640,480,missingPerson,150,198,198,239
148.jpg,640,480,missingPerson,119,401,171,448
149.jpg,640,480,missingPerson,410,106,445,152
149.jpg,640,480,missingPerson,165,215,212,260
149.jpg,640,480,missingPerson,133,417,179,474
150.jpg,640,480,missingPerson,426,123,467,171
150.jpg,640,480,missingPerson,183,230,232,272
150.jpg,640,480,missingPerson,149,434,194,480
150.jpg,640,480,missingPerson,1,430,48,469
151.jpg,640,480,missingPerson,442,143,488,183
151.jpg,640,480,missingPerson,197,248,247,290
152.jpg,640,480,missingPerson,440,187,482,228
152.jpg,640,480,missingPerson,195,285,241,333
153.jpg,640,480,missingPerson,438,231,487,258
153.jpg,640,480,missingPerson,194,324,240,366
154.jpg,640,480,missingPerson,423,243,463,276
154.jpg,640,480,missingPerson,173,336,219,385
155.jpg,640,480,missingPerson,399,256,439,291
155.jpg,640,480,missingPerson,147,352,197,403
155.jpg,640,480,missingPerson,593,340,640,377
156.jpg,640,480,missingPerson,386,277,421,309
156.jpg,640,480,missingPerson,129,377,178,422
157.jpg,640,480,missingPerson,367,296,405,332
157.jpg,640,480,missingPerson,101,396,160,453
158.jpg,640,480,missingPerson,356,317,386,355
158.jpg,640,480,missingPerson,80,414,145,479
159.jpg,640,480,missingPerson,340,347,372,377
159.jpg,640,480,missingPerson,63,434,128,480
160.jpg,640,480,missingPerson,319,356,352,397
161.jpg,640,480,missingPerson,299,379,334,421
162.jpg,640,480,missingPerson,285,393,318,447
163.jpg,640,480,missingPerson,261,412,299,475
164.jpg,640,480,missingPerson,242,433,275,480
165.jpg,640,480,missingPerson,196,428,231,480
166.jpg,640,480,missingPerson,152,432,193,480
167.jpg,640,480,missingPerson,135,408,180,466
168.jpg,640,480,missingPerson,116,386,163,440
169.jpg,640,480,missingPerson,90,371,145,423
170.jpg,640,480,missingPerson,62,354,125,402
171.jpg,640,480,missingPerson,37,338,106,384
171.jpg,640,480,missingPerson,590,290,640,329
172.jpg,640,480,missingPerson,570,269,640,313
172.jpg,640,480,missingPerson,11,321,83,362
173.jpg,640,480,missingPerson,549,250,640,306
173.jpg,640,480,missingPerson,1,302,64,341
173.jpg,640,480,missingPerson,464,424,520,480
174.jpg,640,480,missingPerson,552,206,640,250
174.jpg,640,480,missingPerson,465,382,533,459
174.jpg,640,480,missingPerson,1,260,72,292
175.jpg,640,480,missingPerson,555,159,640,199
175.jpg,640,480,missingPerson,467,348,527,407
175.jpg,640,480,missingPerson,1,221,74,249
176.jpg,640,480,missingPerson,560,106,640,157
176.jpg,640,480,missingPerson,460,311,527,361
177.jpg,640,480,missingPerson,457,267,530,316
177.jpg,640,480,missingPerson,559,54,640,120
178.jpg,640,480,missingPerson,456,228,528,272
178.jpg,640,480,missingPerson,555,1,640,79
178.jpg,640,480,missingPerson,1,93,64,135
178.jpg,640,480,missingPerson,256,209,291,245
179.jpg,640,480,missingPerson,253,168,291,202
179.jpg,640,480,missingPerson,1,52,64,97
179.jpg,640,480,missingPerson,462,182,526,229
180.jpg,640,480,missingPerson,457,142,525,181
180.jpg,640,480,missingPerson,255,129,292,165
180.jpg,640,480,missingPerson,1,4,68,66
181.jpg,640,480,missingPerson,451,96,517,150
181.jpg,640,480,missingPerson,253,93,291,132
182.jpg,640,480,missingPerson,448,53,508,117
182.jpg,640,480,missingPerson,257,54,293,105
183.jpg,640,480,missingPerson,451,6,510,76
183.jpg,640,480,missingPerson,251,10,286,62
183.jpg,640,480,missingPerson,61,423,127,480
184.jpg,640,480,missingPerson,55,390,126,449
185.jpg,640,480,missingPerson,58,349,126,402
186.jpg,640,480,missingPerson,58,303,130,359
187.jpg,640,480,missingPerson,52,272,123,316
188.jpg,640,480,missingPerson,51,241,122,272
189.jpg,640,480,missingPerson,49,201,117,241
19.jpg,640,480,missingPerson,375,161,414,206
190.jpg,640,480,missingPerson,44,157,114,200
191.jpg,640,480,missingPerson,39,113,111,160
192.jpg,640,480,missingPerson,32,66,112,118
193.jpg,640,480,missingPerson,32,18,107,88
197.jpg,640,480,missingPerson,9,55,93,122
198.jpg,640,480,missingPerson,54,55,131,120
199.jpg,640,480,missingPerson,68,74,146,136
20.jpg,640,480,missingPerson,392,177,435,223
200.jpg,640,480,missingPerson,85,100,166,155
201.jpg,640,480,missingPerson,118,123,196,184
201.jpg,640,480,missingPerson,221,1,267,63
202.jpg,640,480,missingPerson,245,6,287,83
202.jpg,640,480,missingPerson,142,149,206,196
203.jpg,640,480,missingPerson,177,172,220,210
208.jpg,640,480,missingPerson,373,155,398,187
209.jpg,640,480,missingPerson,391,170,426,213
21.jpg,640,480,missingPerson,411,195,455,231
210.jpg,640,480,missingPerson,408,192,444,229
211.jpg,640,480,missingPerson,423,207,468,246
212.jpg,640,480,missingPerson,439,223,488,260
213.jpg,640,480,missingPerson,465,247,516,278
214.jpg,640,480,missingPerson,482,260,537,300
214.jpg,640,480,missingPerson,2,75,56,114
215.jpg,640,480,missingPerson,503,277,558,321
215.jpg,640,480,missingPerson,16,93,73,133
216.jpg,640,480,missingPerson,521,302,582,342
216.jpg,640,480,missingPerson,188,139,229,175
216.jpg,640,480,missingPerson,33,109,88,146
216.jpg,640,480,missingPerson,39,1,81,33
217.jpg,640,480,missingPerson,538,321,611,364
217.jpg,640,480,missingPerson,457,433,509,480
217.jpg,640,480,missingPerson,47,123,106,162
217.jpg,640,480,missingPerson,204,155,244,188
217.jpg,640,480,missingPerson,58,12,97,48
218.jpg,640,480,missingPerson,556,335,628,387
218.jpg,640,480,missingPerson,221,172,255,203
218.jpg,640,480,missingPerson,67,143,115,173
218.jpg,640,480,missingPerson,75,29,113,59
219.jpg,640,480,missingPerson,574,350,640,405
219.jpg,640,480,missingPerson,237,185,268,214
219.jpg,640,480,missingPerson,82,159,129,190
219.jpg,640,480,missingPerson,87,39,125,76
219.jpg,640,480,missingPerson,274,1,310,35
22.jpg,640,480,missingPerson,436,217,473,255
220.jpg,640,480,missingPerson,249,204,282,229
220.jpg,640,480,missingPerson,88,174,128,203
220.jpg,640,480,missingPerson,92,51,129,80
220.jpg,640,480,missingPerson,292,1,326,37
221.jpg,640,480,missingPerson,269,222,294,248
221.jpg,640,480,missingPerson,104,192,154,220
221.jpg,640,480,missingPerson,112,67,147,94
221.jpg,640,480,missingPerson,302,1,343,55
222.jpg,640,480,missingPerson,287,238,312,261
222.jpg,640,480,missingPerson,122,210,162,237
222.jpg,640,480,missingPerson,313,11,366,69
223.jpg,640,480,missingPerson,302,255,328,281
223.jpg,640,480,missingPerson,141,227,177,253
223.jpg,640,480,missingPerson,339,31,379,82
224.jpg,640,480,missingPerson,323,273,350,303
224.jpg,640,480,missingPerson,159,244,195,275
225.jpg,640,480,missingPerson,342,290,367,321
225.jpg,640,480,missingPerson,177,262,207,290
226.jpg,640,480,missingPerson,360,306,388,338
226.jpg,640,480,missingPerson,193,279,235,311
227.jpg,640,480,missingPerson,377,321,405,354
227.jpg,640,480,missingPerson,214,298,245,331
228.jpg,640,480,missingPerson,393,338,425,377
228.jpg,640,480,missingPerson,232,317,262,349
229.jpg,640,480,missingPerson,409,353,444,394
229.jpg,640,480,missingPerson,252,338,281,370
23.jpg,640,480,missingPerson,450,226,495,274
23.jpg,640,480,missingPerson,1,91,45,125
230.jpg,640,480,missingPerson,427,373,466,420
230.jpg,640,480,missingPerson,269,355,299,389
231.jpg,640,480,missingPerson,443,390,484,437
231.jpg,640,480,missingPerson,289,381,315,411
232.jpg,640,480,missingPerson,449,395,493,444
232.jpg,640,480,missingPerson,308,382,335,422
233.jpg,640,480,missingPerson,457,406,503,452
237.jpg,640,480,missingPerson,528,319,586,359
238.jpg,640,480,missingPerson,501,330,557,368
239.jpg,640,480,missingPerson,485,344,536,384
24.jpg,640,480,missingPerson,467,243,523,283
24.jpg,640,480,missingPerson,5,95,50,130
240.jpg,640,480,missingPerson,472,363,524,410
241.jpg,640,480,missingPerson,457,383,511,429
242.jpg,640,480,missingPerson,448,399,491,453
243.jpg,640,480,missingPerson,430,415,475,472
244.jpg,640,480,missingPerson,402,418,446,475
248.jpg,640,480,missingPerson,587,418,640,468
249.jpg,640,480,missingPerson,573,436,635,480
25.jpg,640,480,missingPerson,485,265,543,296
25.jpg,640,480,missingPerson,170,130,205,159
25.jpg,640,480,missingPerson,19,111,65,146
26.jpg,640,480,missingPerson,176,140,216,176
26.jpg,640,480,missingPerson,24,123,79,155
26.jpg,640,480,missingPerson,504,282,575,326
26.jpg,640,480,missingPerson,439,389,489,452
27.jpg,640,480,missingPerson,532,295,599,342
27.jpg,640,480,missingPerson,455,403,507,469
27.jpg,640,480,missingPerson,38,136,91,171
27.jpg,640,480,missingPerson,196,156,228,186
28.jpg,640,480,missingPerson,545,310,625,364
28.jpg,640,480,missingPerson,473,423,530,480
28.jpg,640,480,missingPerson,214,173,244,201
28.jpg,640,480,missingPerson,60,153,102,180
284.jpg,640,480,missingPerson,372,426,406,476
285.jpg,640,480,missingPerson,361,419,391,462
286.jpg,640,480,missingPerson,346,403,373,449
287.jpg,640,480,missingPerson,329,387,358,435
288.jpg,640,480,missingPerson,314,378,342,421
289.jpg,640,480,missingPerson,102,447,141,480
289.jpg,640,480,missingPerson,302,361,326,404
29.jpg,640,480,missingPerson,577,338,640,384
29.jpg,640,480,missingPerson,229,188,258,214
29.jpg,640,480,missingPerson,73,167,117,197
290.jpg,640,480,missingPerson,286,346,312,389
290.jpg,640,480,missingPerson,79,427,127,475
291.jpg,640,480,missingPerson,272,330,296,370
291.jpg,640,480,missingPerson,67,411,116,467
292.jpg,640,480,missingPerson,256,320,282,356
292.jpg,640,480,missingPerson,49,400,107,445
292.jpg,640,480,missingPerson,191,440,233,480
293.jpg,640,480,missingPerson,240,307,274,339
293.jpg,640,480,missingPerson,39,395,89,437
293.jpg,640,480,missingPerson,172,425,214,477
294.jpg,640,480,missingPerson,221,291,257,327
294.jpg,640,480,missingPerson,22,374,81,421
294.jpg,640,480,missingPerson,156,406,197,464
295.jpg,640,480,missingPerson,209,276,245,312
295.jpg,640,480,missingPerson,4,365,65,407
295.jpg,640,480,missingPerson,146,398,184,446
296.jpg,640,480,missingPerson,189,262,225,295
296.jpg,640,480,missingPerson,1,356,50,391
296.jpg,640,480,missingPerson,125,387,168,435
297.jpg,640,480,missingPerson,173,248,208,277
297.jpg,640,480,missingPerson,1,340,33,370
297.jpg,640,480,missingPerson,109,378,154,414
298.jpg,640,480,missingPerson,180,209,217,241
298.jpg,640,480,missingPerson,118,337,167,377
298.jpg,640,480,missingPerson,1,301,48,339
299.jpg,640,480,missingPerson,179,186,219,217
299.jpg,640,480,missingPerson,118,312,169,353
299.jpg,640,480,missingPerson,1,280,46,312
LandscapeMap.0004.jpg,640,480,missingPerson,291,226,326,269
LandscapeMap.0005.jpg,640,480,missingPerson,292,227,325,272
LandscapeMap.0006.jpg,640,480,missingPerson,290,227,327,277
LandscapeMap.0012.jpg,640,480,missingPerson,297,233,331,284
LandscapeMap.0013.jpg,640,480,missingPerson,297,236,329,282
LandscapeMap.0014.jpg,640,480,missingPerson,298,238,333,284
LandscapeMap.0015.jpg,640,480,missingPerson,300,243,334,283
LandscapeMap.0016.jpg,640,480,missingPerson,301,244,335,284
LandscapeMap.0017.jpg,640,480,missingPerson,304,251,337,288
LandscapeMap.0022.jpg,640,480,missingPerson,316,258,349,293
LandscapeMap.0023.jpg,640,480,missingPerson,320,258,355,298
LandscapeMap.0024.jpg,640,480,missingPerson,323,256,358,304
LandscapeMap.0025.jpg,640,480,missingPerson,326,257,360,304
LandscapeMap.0026.jpg,640,480,missingPerson,328,255,365,305
LandscapeMap.0027.jpg,640,480,missingPerson,328,255,369,305
LandscapeMap.0037.jpg,640,480,missingPerson,364,250,397,285
LandscapeMap.0038.jpg,640,480,missingPerson,371,247,400,282
LandscapeMap.0042.jpg,640,480,missingPerson,377,228,418,264
LandscapeMap.0043.jpg,640,480,missingPerson,378,224,424,261
LandscapeMap.0050.jpg,640,480,missingPerson,383,182,431,220
LandscapeMap.0053.jpg,640,480,missingPerson,389,164,429,204
LandscapeMap.0054.jpg,640,480,missingPerson,392,157,428,198
LandscapeMap.0055.jpg,640,480,missingPerson,391,149,427,190
LandscapeMap.0058.jpg,640,480,missingPerson,384,129,418,168
LandscapeMap.0062.jpg,640,480,missingPerson,369,103,406,149
LandscapeMap.0063.jpg,640,480,missingPerson,364,96,401,143
LandscapeMap.0064.jpg,640,480,missingPerson,358,91,396,142
2_11.jpg,640,480,missingPerson,370,90,415,140
2_12.jpg,640,480,missingPerson,341,83,378,134
2_29.jpg,640,480,missingPerson,276,67,304,121
2_3.jpg,640,480,missingPerson,424,347,540,480
2_37.jpg,640,480,missingPerson,174,31,212,91
2_38.jpg,640,480,missingPerson,145,17,193,83
2_4.jpg,640,480,missingPerson,338,267,403,362
2_40.jpg,640,480,missingPerson,219,57,258,113
2_41.jpg,640,480,missingPerson,249,68,279,120
2_42.jpg,640,480,missingPerson,277,92,306,138
2_43.jpg,640,480,missingPerson,1,279,47,307
2_44.jpg,640,480,missingPerson,326,112,350,154
2_44.jpg,640,480,missingPerson,3,289,65,317
2_45.jpg,640,480,missingPerson,347,119,374,160
2_45.jpg,640,480,missingPerson,23,298,80,328
2_46.jpg,640,480,missingPerson,311,104,337,143
2_5.jpg,640,480,missingPerson,277,216,329,289
30.jpg,640,480,missingPerson,87,181,129,210
30.jpg,640,480,missingPerson,272,1,309,45
30.jpg,640,480,missingPerson,248,203,272,226
300.jpg,640,480,missingPerson,197,174,234,208
300.jpg,640,480,missingPerson,131,309,180,348
300.jpg,640,480,missingPerson,1,277,60,307
301.jpg,640,480,missingPerson,217,159,253,191
301.jpg,640,480,missingPerson,139,297,191,339
301.jpg,640,480,missingPerson,11,272,72,293
302.jpg,640,480,missingPerson,232,139,269,174
302.jpg,640,480,missingPerson,161,280,204,321
302.jpg,640,480,missingPerson,19,252,82,280
303.jpg,640,480,missingPerson,245,116,281,160
303.jpg,640,480,missingPerson,176,266,214,304
303.jpg,640,480,missingPerson,28,239,90,269
304.jpg,640,480,missingPerson,264,93,297,137
304.jpg,640,480,missingPerson,189,257,228,284
304.jpg,640,480,missingPerson,36,231,100,254
305.jpg,640,480,missingPerson,283,70,309,120
305.jpg,640,480,missingPerson,205,242,242,269
305.jpg,640,480,missingPerson,50,212,105,240
306.jpg,640,480,missingPerson,298,46,325,101
306.jpg,640,480,missingPerson,64,195,120,223
306.jpg,640,480,missingPerson,222,222,267,257
307.jpg,640,480,missingPerson,312,26,347,92
307.jpg,640,480,missingPerson,83,178,135,216
307.jpg,640,480,missingPerson,243,207,283,246
308.jpg,640,480,missingPerson,335,4,365,72
308.jpg,640,480,missingPerson,262,189,295,224
308.jpg,640,480,missingPerson,98,167,148,195
309.jpg,640,480,missingPerson,353,1,383,45
309.jpg,640,480,missingPerson,280,170,307,206
309.jpg,640,480,missingPerson,113,148,159,180
31.jpg,640,480,missingPerson,103,193,142,225
31.jpg,640,480,missingPerson,283,1,326,56
31.jpg,640,480,missingPerson,264,220,289,242
310.jpg,640,480,missingPerson,297,153,326,186
310.jpg,640,480,missingPerson,129,131,179,164
311.jpg,640,480,missingPerson,315,130,345,177
311.jpg,640,480,missingPerson,143,115,191,156
312.jpg,640,480,missingPerson,334,111,362,157
312.jpg,640,480,missingPerson,159,98,202,135
313.jpg,640,480,missingPerson,347,86,376,131
313.jpg,640,480,missingPerson,177,81,214,118
313.jpg,640,480,missingPerson,1,436,56,479
314.jpg,640,480,missingPerson,361,67,399,114
314.jpg,640,480,missingPerson,188,62,229,101
314.jpg,640,480,missingPerson,1,416,70,475
315.jpg,640,480,missingPerson,379,47,419,104
315.jpg,640,480,missingPerson,210,47,246,95
315.jpg,640,480,missingPerson,11,396,87,461
316.jpg,640,480,missingPerson,399,26,440,80
316.jpg,640,480,missingPerson,225,22,257,76
316.jpg,640,480,missingPerson,26,384,100,446
317.jpg,640,480,missingPerson,417,3,460,60
317.jpg,640,480,missingPerson,239,6,275,60
317.jpg,640,480,missingPerson,47,375,116,427
318.jpg,640,480,missingPerson,436,1,475,45
318.jpg,640,480,missingPerson,66,352,131,405
319.jpg,640,480,missingPerson,85,330,145,384
32.jpg,640,480,missingPerson,282,234,303,256
32.jpg,640,480,missingPerson,118,215,158,239
32.jpg,640,480,missingPerson,304,7,345,64
320.jpg,640,480,missingPerson,104,316,158,368
321.jpg,640,480,missingPerson,148,331,204,370
322.jpg,640,480,missingPerson,188,329,236,370
323.jpg,640,480,missingPerson,198,347,245,402
323.jpg,640,480,missingPerson,539,1,598,46
323.jpg,640,480,missingPerson,376,1,400,39
324.jpg,640,480,missingPerson,220,368,259,428
324.jpg,640,480,missingPerson,555,1,639,63
324.jpg,640,480,missingPerson,388,3,417,66
325.jpg,640,480,missingPerson,239,389,278,450
325.jpg,640,480,missingPerson,407,16,437,77
325.jpg,640,480,missingPerson,582,23,640,74
325.jpg,640,480,missingPerson,1,32,43,72
326.jpg,640,480,missingPerson,1,34,57,82
326.jpg,640,480,missingPerson,421,33,455,79
327.jpg,640,480,missingPerson,436,51,473,94
327.jpg,640,480,missingPerson,3,49,74,98
328.jpg,640,480,missingPerson,448,67,495,119
328.jpg,640,480,missingPerson,14,62,85,111
329.jpg,640,480,missingPerson,459,87,517,130
329.jpg,640,480,missingPerson,31,79,103,126
329.jpg,640,480,missingPerson,278,1,305,40
329.jpg,640,480,missingPerson,1,284,62,313
33.jpg,640,480,missingPerson,297,248,326,274
33.jpg,640,480,missingPerson,137,231,172,254
33.jpg,640,480,missingPerson,322,22,365,80
330.jpg,640,480,missingPerson,491,101,536,140
330.jpg,640,480,missingPerson,49,93,109,139
330.jpg,640,480,missingPerson,291,1,316,52
330.jpg,640,480,missingPerson,12,300,77,330
331.jpg,640,480,missingPerson,506,122,555,160
331.jpg,640,480,missingPerson,309,8,336,67
331.jpg,640,480,missingPerson,62,108,125,156
331.jpg,640,480,missingPerson,26,315,88,348
332.jpg,640,480,missingPerson,525,141,579,172
332.jpg,640,480,missingPerson,326,24,351,83
332.jpg,640,480,missingPerson,82,125,140,169
332.jpg,640,480,missingPerson,43,328,102,369
333.jpg,640,480,missingPerson,533,157,601,201
333.jpg,640,480,missingPerson,343,42,371,100
333.jpg,640,480,missingPerson,97,142,157,186
333.jpg,640,480,missingPerson,57,347,116,387
334.jpg,640,480,missingPerson,554,172,616,209
334.jpg,640,480,missingPerson,363,58,391,117
334.jpg,640,480,missingPerson,116,158,170,201
334.jpg,640,480,missingPerson,73,360,129,400
335.jpg,640,480,missingPerson,570,192,636,227
335.jpg,640,480,missingPerson,376,80,410,127
335.jpg,640,480,missingPerson,135,174,181,216
335.jpg,640,480,missingPerson,90,379,144,423
336.jpg,640,480,missingPerson,398,93,433,141
336.jpg,640,480,missingPerson,146,189,193,229
336.jpg,640,480,missingPerson,99,396,153,443
336.jpg,640,480,missingPerson,590,209,640,248
337.jpg,640,480,missingPerson,415,113,453,156
337.jpg,640,480,missingPerson,161,207,209,250
337.jpg,640,480,missingPerson,117,412,166,463
338.jpg,640,480,missingPerson,431,134,477,172
338.jpg,640,480,missingPerson,182,222,225,265
338.jpg,640,480,missingPerson,137,425,187,480
339.jpg,640,480,missingPerson,448,152,498,188
339.jpg,640,480,missingPerson,201,241,240,287
339.jpg,640,480,missingPerson,1,436,42,475
34.jpg,640,480,missingPerson,316,265,345,290
34.jpg,640,480,missingPerson,146,248,189,275
340.jpg,640,480,missingPerson,440,197,489,230
340.jpg,640,480,missingPerson,191,282,236,324
341.jpg,640,480,missingPerson,441,236,492,267
341.jpg,640,480,missingPerson,192,318,233,364
342.jpg,640,480,missingPerson,414,252,465,280
342.jpg,640,480,missingPerson,163,330,210,378
343.jpg,640,480,missingPerson,399,265,440,294
343.jpg,640,480,missingPerson,142,347,189,393
343.jpg,640,480,missingPerson,586,358,640,396
344.jpg,640,480,missingPerson,382,282,420,314
344.jpg,640,480,missingPerson,115,362,172,414
344.jpg,640,480,missingPerson,569,374,640,424
345.jpg,640,480,missingPerson,368,303,405,334
345.jpg,640,480,missingPerson,86,386,150,442
345.jpg,640,480,missingPerson,565,402,637,449
346.jpg,640,480,missingPerson,354,319,386,360
346.jpg,640,480,missingPerson,63,406,132,465
347.jpg,640,480,missingPerson,335,337,363,377
347.jpg,640,480,missingPerson,40,425,115,480
348.jpg,640,480,missingPerson,316,354,342,397
348.jpg,640,480,missingPerson,26,442,97,480
349.jpg,640,480,missingPerson,293,371,322,428
35.jpg,640,480,missingPerson,339,282,362,311
35.jpg,640,480,missingPerson,172,264,203,289
350.jpg,640,480,missingPerson,273,391,305,443
351.jpg,640,480,missingPerson,253,408,286,472
352.jpg,640,480,missingPerson,231,427,262,480
353.jpg,640,480,missingPerson,182,419,219,480
36.jpg,640,480,missingPerson,357,297,385,330
36.jpg,640,480,missingPerson,189,282,224,313
37.jpg,640,480,missingPerson,376,313,406,346
37.jpg,640,480,missingPerson,211,297,240,331
38.jpg,640,480,missingPerson,393,329,423,367
38.jpg,640,480,missingPerson,230,316,256,347
39.jpg,640,480,missingPerson,412,344,445,386
39.jpg,640,480,missingPerson,246,333,277,367
40.jpg,640,480,missingPerson,429,360,470,410
40.jpg,640,480,missingPerson,269,353,295,388
41.jpg,640,480,missingPerson,447,377,489,426
41.jpg,640,480,missingPerson,288,373,316,409
42.jpg,640,480,missingPerson,455,384,498,431
42.jpg,640,480,missingPerson,309,377,337,412
43.jpg,640,480,missingPerson,464,391,505,436
5.jpg,640,480,missingPerson,1,75,109,147
7.jpg,640,480,missingPerson,5,56,92,125
8.jpg,640,480,missingPerson,1,42,68,98
96.jpg,640,480,missingPerson,388,422,422,478
97.jpg,640,480,missingPerson,373,409,404,464
98.jpg,640,480,missingPerson,356,400,386,445
99.jpg,640,480,missingPerson,344,390,369,437
hanam10.jpg,640,480,missingPerson,322,4,339,42
hanam10.jpg,640,480,missingPerson,601,7,637,45
hanam11.jpg,640,480,missingPerson,321,36,340,74
hanam11.jpg,640,480,missingPerson,612,50,640,82
hanam12.jpg,640,480,missingPerson,318,83,341,118
hanam12.jpg,640,480,missingPerson,429,1,451,27
hanam13.jpg,640,480,missingPerson,320,125,345,155
hanam13.jpg,640,480,missingPerson,434,13,466,56
hanam14.jpg,640,480,missingPerson,320,170,347,194
hanam14.jpg,640,480,missingPerson,445,41,481,84
hanam14.jpg,640,480,missingPerson,350,1,376,48
hanam141.jpg,640,480,missingPerson,16,76,79,124
hanam142.jpg,640,480,missingPerson,90,86,141,126
hanam143.jpg,640,480,missingPerson,140,82,186,124
hanam144.jpg,640,480,missingPerson,208,85,243,126
hanam145.jpg,640,480,missingPerson,274,91,305,131
hanam146.jpg,640,480,missingPerson,341,89,365,137
hanam147.jpg,640,480,missingPerson,327,82,349,132
hanam148.jpg,640,480,missingPerson,306,186,325,223
hanam148.jpg,640,480,missingPerson,419,35,450,81
hanam149.jpg,640,480,missingPerson,299,243,324,275
hanam149.jpg,640,480,missingPerson,45,80,99,125
hanam149.jpg,640,480,missingPerson,418,78,453,118
hanam149.jpg,640,480,missingPerson,357,4,379,54
hanam15.jpg,640,480,missingPerson,321,234,349,256
hanam15.jpg,640,480,missingPerson,449,97,485,132
hanam15.jpg,640,480,missingPerson,351,47,378,101
hanam150.jpg,640,480,missingPerson,352,38,381,88
hanam150.jpg,640,480,missingPerson,419,120,451,155
hanam150.jpg,640,480,missingPerson,294,301,323,341
hanam150.jpg,640,480,missingPerson,13,133,79,173
hanam151.jpg,640,480,missingPerson,352,98,377,139
hanam151.jpg,640,480,missingPerson,416,187,453,215
hanam151.jpg,640,480,missingPerson,291,373,318,429
hanam151.jpg,640,480,missingPerson,2,207,73,238
hanam152.jpg,640,480,missingPerson,351,150,378,189
hanam152.jpg,640,480,missingPerson,419,247,452,273
hanam153.jpg,640,480,missingPerson,352,214,379,240
hanam153.jpg,640,480,missingPerson,424,317,462,346
hanam154.jpg,640,480,missingPerson,349,282,375,306
hanam154.jpg,640,480,missingPerson,423,387,461,430
hanam155.jpg,640,480,missingPerson,347,346,374,383
hanam156.jpg,640,480,missingPerson,345,416,375,474
hanam16.jpg,640,480,missingPerson,325,299,350,322
hanam16.jpg,640,480,missingPerson,457,149,497,177
hanam16.jpg,640,480,missingPerson,353,98,382,146
hanam17.jpg,640,480,missingPerson,326,368,348,404
hanam17.jpg,640,480,missingPerson,469,206,509,229
hanam17.jpg,640,480,missingPerson,358,156,381,189
hanam18.jpg,640,480,missingPerson,324,445,348,480
hanam18.jpg,640,480,missingPerson,474,269,519,293
hanam18.jpg,640,480,missingPerson,358,219,389,243
hanam19.jpg,640,480,missingPerson,362,285,388,317
hanam19.jpg,640,480,missingPerson,476,334,524,367
hanam20.jpg,640,480,missingPerson,361,349,387,391
hanam20.jpg,640,480,missingPerson,473,397,521,437
hanam21.jpg,640,480,missingPerson,361,416,393,476
hanam212.jpg,640,480,missingPerson,29,77,91,116
hanam213.jpg,640,480,missingPerson,88,78,139,123
hanam214.jpg,640,480,missingPerson,149,80,191,122
hanam215.jpg,640,480,missingPerson,216,83,251,130
hanam216.jpg,640,480,missingPerson,279,89,306,132
hanam217.jpg,640,480,missingPerson,347,91,369,138
hanam218.jpg,640,480,missingPerson,319,184,343,219
hanam218.jpg,640,480,missingPerson,435,33,461,76
hanam219.jpg,640,480,missingPerson,423,73,452,113
hanam219.jpg,640,480,missingPerson,298,240,326,273
hanam219.jpg,640,480,missingPerson,43,61,98,106
hanam219.jpg,640,480,missingPerson,364,1,392,50
hanam220.jpg,640,480,missingPerson,360,54,383,98
hanam220.jpg,640,480,missingPerson,425,140,457,173
hanam220.jpg,640,480,missingPerson,290,303,318,339
hanam220.jpg,640,480,missingPerson,29,131,89,172
hanam221.jpg,640,480,missingPerson,359,96,384,136
hanam221.jpg,640,480,missingPerson,431,196,467,219
hanam221.jpg,640,480,missingPerson,1,193,71,225
hanam221.jpg,640,480,missingPerson,283,370,311,427
hanam222.jpg,640,480,missingPerson,355,153,382,186
hanam222.jpg,640,480,missingPerson,433,257,469,283
hanam223.jpg,640,480,missingPerson,349,219,378,239
hanam223.jpg,640,480,missingPerson,417,324,468,361
hanam224.jpg,640,480,missingPerson,346,284,372,307
hanam224.jpg,640,480,missingPerson,415,389,449,431
hanam225.jpg,640,480,missingPerson,340,349,367,381
hanam226.jpg,640,480,missingPerson,337,417,368,470
hanam282.jpg,640,480,missingPerson,33,59,95,109
hanam283.jpg,640,480,missingPerson,101,70,148,116
hanam284.jpg,640,480,missingPerson,161,76,205,116
hanam285.jpg,640,480,missingPerson,223,83,257,125
hanam286.jpg,640,480,missingPerson,285,85,312,130
hanam287.jpg,640,480,missingPerson,354,94,377,138
hanam288.jpg,640,480,missingPerson,322,186,341,223
hanam288.jpg,640,480,missingPerson,437,44,475,88
hanam289.jpg,640,480,missingPerson,60,60,112,107
hanam289.jpg,640,480,missingPerson,367,13,397,62
hanam289.jpg,640,480,missingPerson,422,88,454,126
hanam289.jpg,640,480,missingPerson,300,241,326,276
hanam290.jpg,640,480,missingPerson,288,299,315,337
hanam290.jpg,640,480,missingPerson,24,108,84,147
hanam290.jpg,640,480,missingPerson,367,42,394,87
hanam290.jpg,640,480,missingPerson,427,129,458,162
hanam291.jpg,640,480,missingPerson,365,101,390,141
hanam291.jpg,640,480,missingPerson,4,182,71,213
hanam291.jpg,640,480,missingPerson,421,196,452,220
hanam291.jpg,640,480,missingPerson,277,369,305,424
hanam292.jpg,640,480,missingPerson,358,150,389,182
hanam292.jpg,640,480,missingPerson,420,254,459,279
hanam293.jpg,640,480,missingPerson,351,219,379,240
hanam293.jpg,640,480,missingPerson,413,325,447,358
hanam294.jpg,640,480,missingPerson,344,284,371,303
hanam294.jpg,640,480,missingPerson,416,396,451,442
hanam295.jpg,640,480,missingPerson,334,346,364,377
hanam296.jpg,640,480,missingPerson,327,413,362,469
hanam71.jpg,640,480,missingPerson,22,96,82,134
hanam72.jpg,640,480,missingPerson,78,91,133,134
hanam73.jpg,640,480,missingPerson,142,94,187,134
hanam74.jpg,640,480,missingPerson,200,89,243,133
hanam75.jpg,640,480,missingPerson,272,93,300,131
hanam76.jpg,640,480,missingPerson,337,89,361,129
hanam77.jpg,640,480,missingPerson,317,184,339,217
hanam77.jpg,640,480,missingPerson,420,23,447,68
hanam78.jpg,640,480,missingPerson,302,248,324,283
hanam78.jpg,640,480,missingPerson,408,78,436,116
hanam78.jpg,640,480,missingPerson,351,9,371,56
hanam78.jpg,640,480,missingPerson,42,90,97,138
hanam79.jpg,640,480,missingPerson,298,308,322,345
hanam79.jpg,640,480,missingPerson,412,126,443,159
hanam79.jpg,640,480,missingPerson,349,47,373,97
hanam79.jpg,640,480,missingPerson,18,146,81,185
hanam80.jpg,640,480,missingPerson,416,178,452,210
hanam80.jpg,640,480,missingPerson,351,90,375,135
hanam80.jpg,640,480,missingPerson,295,375,323,430
hanam80.jpg,640,480,missingPerson,1,209,61,244
hanam81.jpg,640,480,missingPerson,351,154,376,190
hanam81.jpg,640,480,missingPerson,432,247,464,277
hanam82.jpg,640,480,missingPerson,349,208,378,240
hanam82.jpg,640,480,missingPerson,440,315,473,349
hanam83.jpg,640,480,missingPerson,348,276,375,304
hanam83.jpg,640,480,missingPerson,436,388,472,425
hanam84.jpg,640,480,missingPerson,348,342,377,376
hanam85.jpg,640,480,missingPerson,349,419,383,470
LandscapeMap.0009.jpg,640,480,missingPerson,212,253,252,286
LandscapeMap.0010.jpg,640,480,missingPerson,211,255,253,290
LandscapeMap.0015.jpg,640,480,missingPerson,213,265,253,306
LandscapeMap.0016.jpg,640,480,missingPerson,212,268,254,309
LandscapeMap.0025.jpg,640,480,missingPerson,216,299,253,346
LandscapeMap.0026.jpg,640,480,missingPerson,216,305,253,350
LandscapeMap.0027.jpg,640,480,missingPerson,215,309,254,355
LandscapeMap.0036.jpg,640,480,missingPerson,241,338,277,386
LandscapeMap.0037.jpg,640,480,missingPerson,248,340,281,388
LandscapeMap.0038.jpg,640,480,missingPerson,256,342,287,388
LandscapeMap.0039.jpg,640,480,missingPerson,258,344,292,388
LandscapeMap.0040.jpg,640,480,missingPerson,265,345,298,389
LandscapeMap.0041.jpg,640,480,missingPerson,271,346,305,389
LandscapeMap.0042.jpg,640,480,missingPerson,275,346,311,387
LandscapeMap.0043.jpg,640,480,missingPerson,280,346,319,385
LandscapeMap.0044.jpg,640,480,missingPerson,288,347,324,383
LandscapeMap.0045.jpg,640,480,missingPerson,294,348,334,385
LandscapeMap.0046.jpg,640,480,missingPerson,301,346,339,384
LandscapeMap.0047.jpg,640,480,missingPerson,309,347,348,382
LandscapeMap.0052.jpg,640,480,missingPerson,344,346,386,381
LandscapeMap.0053.jpg,640,480,missingPerson,352,344,392,379
LandscapeMap.0062.jpg,640,480,missingPerson,421,331,466,365
LandscapeMap.0063.jpg,640,480,missingPerson,427,328,474,360
LandscapeMap.0064.jpg,640,480,missingPerson,433,323,478,354
LandscapeMap.0065.jpg,640,480,missingPerson,435,316,482,347
LandscapeMap.0066.jpg,640,480,missingPerson,441,308,489,343
LandscapeMap.0067.jpg,640,480,missingPerson,442,301,489,334
LandscapeMap.0068.jpg,640,480,missingPerson,445,295,493,326
LandscapeMap.0080.jpg,640,480,missingPerson,451,196,496,233
LandscapeMap.0099.jpg,640,480,missingPerson,335,138,376,176
LandscapeMap.0100.jpg,640,480,missingPerson,328,137,368,178
LandscapeMap.0101.jpg,640,480,missingPerson,320,138,360,175
LandscapeMap.0108.jpg,640,480,missingPerson,275,143,311,182
LandscapeMap.0109.jpg,640,480,missingPerson,267,141,304,184
LandscapeMap.0121.jpg,640,480,missingPerson,209,165,246,207
LandscapeMap.0133.jpg,640,480,missingPerson,211,216,249,258
LandscapeMap.0137.jpg,640,480,missingPerson,211,231,251,270
LandscapeMap.0138.jpg,640,480,missingPerson,213,231,252,270
LandscapeMap.0139.jpg,640,480,missingPerson,211,235,253,274
LandscapeMap.0140.jpg,640,480,missingPerson,211,237,252,277
LandscapeMap.0141.jpg,640,480,missingPerson,210,239,253,276
LandscapeMap.0146.jpg,640,480,missingPerson,210,243,251,282
LandscapeMap.0147.jpg,640,480,missingPerson,210,241,251,280
LandscapeMap.0148.jpg,640,480,missingPerson,209,239,250,282
LandscapeMap.0152.jpg,640,480,missingPerson,201,241,257,284
LandscapeMap.0166.jpg,640,480,missingPerson,202,264,259,316
LandscapeMap.0167.jpg,640,480,missingPerson,202,268,259,321
LandscapeMap.0168.jpg,640,480,missingPerson,203,272,258,328
LandscapeMap.0169.jpg,640,480,missingPerson,206,275,258,330
LandscapeMap.0170.jpg,640,480,missingPerson,208,279,259,335
LandscapeMap.0180.jpg,640,480,missingPerson,213,319,258,382
LandscapeMap.0181.jpg,640,480,missingPerson,214,324,261,384
LandscapeMap.0194.jpg,640,480,missingPerson,279,345,330,394
LandscapeMap.0195.jpg,640,480,missingPerson,285,346,335,392
LandscapeMap.0196.jpg,640,480,missingPerson,291,346,345,392
LandscapeMap.0197.jpg,640,480,missingPerson,298,344,350,392
LandscapeMap.0198.jpg,640,480,missingPerson,305,344,357,392
LandscapeMap.0199.jpg,640,480,missingPerson,315,344,366,390
LandscapeMap.0205.jpg,640,480,missingPerson,359,341,418,386
LandscapeMap.0206.jpg,640,480,missingPerson,368,340,425,383
LandscapeMap.0211.jpg,640,480,missingPerson,408,332,469,373
LandscapeMap.0212.jpg,640,480,missingPerson,418,328,478,374
LandscapeMap.0214.jpg,640,480,missingPerson,429,319,489,362
LandscapeMap.0215.jpg,640,480,missingPerson,433,312,495,354
LandscapeMap.0227.jpg,640,480,missingPerson,448,215,515,258
LandscapeMap.0228.jpg,640,480,missingPerson,448,205,511,250
LandscapeMap.0229.jpg,640,480,missingPerson,447,197,510,239
LandscapeMap.0237.jpg,640,480,missingPerson,421,141,482,188
LandscapeMap.0238.jpg,640,480,missingPerson,414,138,476,187
LandscapeMap.0243.jpg,640,480,missingPerson,374,131,431,178
LandscapeMap.0257.jpg,640,480,missingPerson,270,131,320,184
LandscapeMap.0258.jpg,640,480,missingPerson,263,131,316,187
LandscapeMap.0259.jpg,640,480,missingPerson,259,131,307,189
LandscapeMap.0270.jpg,640,480,missingPerson,207,152,252,212
LandscapeMap.0274.jpg,640,480,missingPerson,195,172,248,230
